sourceStage,destinationStage
Manuf_0001,Trans_0001
Manuf_0002,Trans_0002
Manuf_0003,Trans_0003
Manuf_0004,Trans_0004
Manuf_0005,Manuf_0007
Manuf_0006,Manuf_0008
Manuf_0007,Manuf_0009
Manuf_0008,Manuf_0010
Manuf_0009,Manuf_0011
Manuf_0009,Manuf_0014
Manuf_0009,Manuf_0015
Manuf_0010,Manuf_0023
Manuf_0010,Manuf_0025
Manuf_0010,Manuf_0026
Manuf_0011,Manuf_0049
Manuf_0011,Manuf_0050
Manuf_0011,Manuf_0051
Manuf_0011,Manuf_0053
Manuf_0011,Manuf_0060
Manuf_0011,Manuf_0080
Manuf_0011,Manuf_0082
Manuf_0011,Manuf_0083
Manuf_0012,Manuf_0049
Manuf_0012,Manuf_0052
Manuf_0012,Manuf_0054
Manuf_0013,Manuf_0051
Manuf_0013,Manuf_0053
Manuf_0014,Manuf_0054
Manuf_0014,Manuf_0055
Manuf_0014,Manuf_0061
Manuf_0015,Manuf_0052
Manuf_0015,Manuf_0056
Manuf_0015,Manuf_0057
Manuf_0015,Manuf_0058
Manuf_0015,Manuf_0059
Manuf_0015,Manuf_0062
Manuf_0015,Manuf_0063
Manuf_0015,Manuf_0081
Manuf_0015,Manuf_0091
Manuf_0016,Manuf_0055
Manuf_0017,Manuf_0056
Manuf_0018,Manuf_0057
Manuf_0019,Manuf_0058
Manuf_0020,Manuf_0059
Manuf_0021,Manuf_0060
Manuf_0021,Manuf_0061
Manuf_0021,Manuf_0062
Manuf_0022,Manuf_0063
Manuf_0023,Manuf_0064
Manuf_0023,Manuf_0069
Manuf_0023,Manuf_0074
Manuf_0023,Manuf_0077
Manuf_0023,Manuf_0078
Manuf_0024,Manuf_0064
Manuf_0024,Manuf_0065
Manuf_0024,Manuf_0066
Manuf_0025,Manuf_0065
Manuf_0025,Manuf_0070
Manuf_0025,Manuf_0075
Manuf_0025,Manuf_0079
Manuf_0025,Manuf_0084
Manuf_0025,Manuf_0088
Manuf_0025,Manuf_0089
Manuf_0025,Manuf_0090
Manuf_0025,Manuf_0093
Manuf_0026,Manuf_0066
Manuf_0026,Manuf_0067
Manuf_0026,Manuf_0068
Manuf_0026,Manuf_0071
Manuf_0026,Manuf_0072
Manuf_0026,Manuf_0073
Manuf_0026,Manuf_0076
Manuf_0026,Manuf_0085
Manuf_0026,Manuf_0086
Manuf_0026,Manuf_0087
Manuf_0026,Manuf_0092
Manuf_0027,Manuf_0069
Manuf_0028,Manuf_0070
Manuf_0028,Manuf_0089
Manuf_0029,Manuf_0067
Manuf_0029,Manuf_0068
Manuf_0029,Manuf_0071
Manuf_0030,Manuf_0072
Manuf_0031,Manuf_0073
Manuf_0032,Manuf_0074
Manuf_0032,Manuf_0075
Manuf_0032,Manuf_0076
Manuf_0033,Manuf_0077
Manuf_0034,Manuf_0078
Manuf_0035,Manuf_0079
Manuf_0036,Manuf_0080
Manuf_0037,Manuf_0081
Manuf_0038,Manuf_0082
Manuf_0039,Manuf_0083
Manuf_0040,Manuf_0084
Manuf_0041,Manuf_0085
Manuf_0042,Manuf_0086
Manuf_0043,Manuf_0087
Manuf_0044,Manuf_0088
Manuf_0045,Manuf_0090
Manuf_0046,Manuf_0091
Manuf_0047,Manuf_0092
Manuf_0048,Manuf_0093
Manuf_0049,Retail_0016
Manuf_0049,Retail_0017
Manuf_0051,Retail_0018
Manuf_0053,Retail_0019
Manuf_0053,Retail_0020
Manuf_0055,Retail_0021
Manuf_0055,Retail_0022
Manuf_0056,Retail_0023
Manuf_0057,Retail_0024
Manuf_0058,Retail_0025
Manuf_0058,Retail_0026
Manuf_0059,Retail_0027
Manuf_0059,Retail_0028
Manuf_0060,Retail_0029
Manuf_0060,Retail_0030
Manuf_0061,Retail_0031
Manuf_0061,Retail_0032
Manuf_0062,Retail_0033
Manuf_0062,Retail_0034
Manuf_0063,Retail_0035
Manuf_0063,Retail_0036
Manuf_0064,Retail_0037
Manuf_0064,Retail_0038
Manuf_0065,Retail_0039
Manuf_0065,Retail_0040
Manuf_0066,Retail_0041
Manuf_0066,Retail_0042
Manuf_0069,Retail_0043
Manuf_0069,Retail_0044
Manuf_0070,Retail_0045
Manuf_0070,Retail_0046
Manuf_0071,Retail_0047
Manuf_0071,Retail_0048
Manuf_0072,Retail_0049
Manuf_0072,Retail_0050
Manuf_0073,Retail_0051
Manuf_0073,Retail_0052
Manuf_0074,Retail_0053
Manuf_0074,Retail_0054
Manuf_0075,Retail_0055
Manuf_0075,Retail_0056
Manuf_0076,Retail_0057
Manuf_0076,Retail_0058
Manuf_0077,Retail_0059
Manuf_0077,Retail_0060
Manuf_0078,Retail_0061
Manuf_0078,Retail_0062
Manuf_0079,Retail_0063
Manuf_0079,Retail_0064
Manuf_0080,Retail_0065
Manuf_0081,Retail_0066
Manuf_0082,Retail_0067
Manuf_0082,Retail_0068
Manuf_0082,Retail_0069
Manuf_0083,Retail_0070
Manuf_0083,Retail_0071
Manuf_0083,Retail_0072
Manuf_0084,Retail_0073
Manuf_0085,Retail_0074
Manuf_0086,Retail_0075
Manuf_0087,Retail_0076
Manuf_0088,Retail_0077
Manuf_0088,Retail_0078
Manuf_0088,Retail_0079
Manuf_0089,Retail_0080
Manuf_0090,Retail_0081
Manuf_0090,Retail_0082
Part_0001,Manuf_0001
Part_0001,Manuf_0003
Part_0002,Manuf_0002
Part_0002,Manuf_0004
Part_0003,Manuf_0005
Part_0003,Manuf_0006
Part_0004,Manuf_0011
Part_0004,Manuf_0014
Part_0004,Manuf_0015
Part_0004,Manuf_0023
Part_0004,Manuf_0025
Part_0004,Manuf_0026
Part_0005,Manuf_0011
Part_0005,Manuf_0014
Part_0005,Manuf_0015
Part_0006,Manuf_0011
Part_0006,Manuf_0014
Part_0006,Manuf_0015
Part_0007,Manuf_0011
Part_0007,Manuf_0014
Part_0007,Manuf_0015
Part_0008,Manuf_0011
Part_0008,Manuf_0014
Part_0008,Manuf_0015
Part_0009,Manuf_0011
Part_0009,Manuf_0014
Part_0009,Manuf_0015
Part_0010,Manuf_0011
Part_0010,Manuf_0014
Part_0010,Manuf_0015
Part_0011,Manuf_0011
Part_0011,Manuf_0014
Part_0011,Manuf_0015
Part_0012,Manuf_0011
Part_0012,Manuf_0014
Part_0012,Manuf_0015
Part_0013,Manuf_0011
Part_0013,Manuf_0014
Part_0013,Manuf_0015
Part_0014,Manuf_0011
Part_0014,Manuf_0014
Part_0014,Manuf_0015
Part_0014,Manuf_0023
Part_0014,Manuf_0025
Part_0014,Manuf_0026
Part_0015,Manuf_0011
Part_0015,Manuf_0014
Part_0015,Manuf_0015
Part_0015,Manuf_0021
Part_0015,Manuf_0023
Part_0015,Manuf_0025
Part_0015,Manuf_0026
Part_0015,Manuf_0032
Part_0015,Manuf_0038
Part_0015,Manuf_0045
Part_0016,Manuf_0011
Part_0016,Manuf_0014
Part_0016,Manuf_0015
Part_0016,Manuf_0023
Part_0016,Manuf_0025
Part_0016,Manuf_0026
Part_0017,Manuf_0011
Part_0017,Manuf_0014
Part_0017,Manuf_0015
Part_0017,Manuf_0023
Part_0017,Manuf_0025
Part_0017,Manuf_0026
Part_0018,Manuf_0011
Part_0018,Manuf_0014
Part_0018,Manuf_0015
Part_0019,Manuf_0011
Part_0019,Manuf_0014
Part_0019,Manuf_0015
Part_0020,Manuf_0011
Part_0020,Manuf_0014
Part_0020,Manuf_0015
Part_0021,Manuf_0011
Part_0021,Manuf_0014
Part_0021,Manuf_0015
Part_0022,Manuf_0011
Part_0022,Manuf_0014
Part_0022,Manuf_0015
Part_0023,Manuf_0011
Part_0023,Manuf_0014
Part_0023,Manuf_0015
Part_0023,Manuf_0023
Part_0023,Manuf_0025
Part_0023,Manuf_0026
Part_0024,Manuf_0011
Part_0024,Manuf_0014
Part_0024,Manuf_0015
Part_0025,Manuf_0011
Part_0025,Manuf_0014
Part_0025,Manuf_0015
Part_0026,Manuf_0011
Part_0026,Manuf_0014
Part_0026,Manuf_0015
Part_0027,Manuf_0011
Part_0027,Manuf_0014
Part_0027,Manuf_0015
Part_0028,Manuf_0011
Part_0028,Manuf_0014
Part_0028,Manuf_0015
Part_0029,Manuf_0011
Part_0029,Manuf_0014
Part_0029,Manuf_0015
Part_0030,Manuf_0011
Part_0030,Manuf_0014
Part_0030,Manuf_0015
Part_0031,Manuf_0011
Part_0031,Manuf_0014
Part_0031,Manuf_0015
Part_0032,Manuf_0011
Part_0032,Manuf_0025
Part_0033,Manuf_0011
Part_0033,Manuf_0014
Part_0033,Manuf_0015
Part_0033,Manuf_0023
Part_0033,Manuf_0025
Part_0033,Manuf_0026
Part_0034,Manuf_0011
Part_0034,Manuf_0014
Part_0034,Manuf_0015
Part_0035,Manuf_0011
Part_0035,Manuf_0014
Part_0035,Manuf_0015
Part_0036,Manuf_0011
Part_0036,Manuf_0014
Part_0036,Manuf_0015
Part_0037,Manuf_0011
Part_0037,Manuf_0014
Part_0037,Manuf_0015
Part_0038,Manuf_0011
Part_0038,Manuf_0014
Part_0038,Manuf_0015
Part_0039,Manuf_0011
Part_0039,Manuf_0014
Part_0039,Manuf_0015
Part_0040,Manuf_0011
Part_0040,Manuf_0014
Part_0040,Manuf_0015
Part_0041,Manuf_0011
Part_0041,Manuf_0014
Part_0041,Manuf_0015
Part_0042,Manuf_0011
Part_0042,Manuf_0014
Part_0042,Manuf_0015
Part_0043,Manuf_0011
Part_0043,Manuf_0014
Part_0043,Manuf_0015
Part_0043,Manuf_0023
Part_0043,Manuf_0025
Part_0043,Manuf_0026
Part_0044,Manuf_0011
Part_0044,Manuf_0014
Part_0044,Manuf_0015
Part_0044,Manuf_0023
Part_0044,Manuf_0025
Part_0044,Manuf_0026
Part_0045,Manuf_0011
Part_0045,Manuf_0014
Part_0045,Manuf_0015
Part_0045,Manuf_0023
Part_0045,Manuf_0025
Part_0045,Manuf_0026
Part_0046,Manuf_0011
Part_0046,Manuf_0014
Part_0046,Manuf_0015
Part_0046,Manuf_0023
Part_0046,Manuf_0025
Part_0046,Manuf_0026
Part_0047,Manuf_0011
Part_0047,Manuf_0014
Part_0047,Manuf_0015
Part_0047,Manuf_0023
Part_0047,Manuf_0025
Part_0047,Manuf_0026
Part_0048,Manuf_0011
Part_0048,Manuf_0014
Part_0048,Manuf_0015
Part_0048,Manuf_0023
Part_0048,Manuf_0025
Part_0048,Manuf_0026
Part_0049,Manuf_0011
Part_0049,Manuf_0014
Part_0049,Manuf_0015
Part_0049,Manuf_0023
Part_0049,Manuf_0025
Part_0049,Manuf_0026
Part_0050,Manuf_0011
Part_0050,Manuf_0014
Part_0050,Manuf_0015
Part_0051,Manuf_0011
Part_0051,Manuf_0014
Part_0051,Manuf_0015
Part_0051,Manuf_0023
Part_0051,Manuf_0025
Part_0051,Manuf_0026
Part_0052,Manuf_0011
Part_0052,Manuf_0014
Part_0052,Manuf_0015
Part_0052,Manuf_0023
Part_0052,Manuf_0025
Part_0052,Manuf_0026
Part_0053,Manuf_0011
Part_0053,Manuf_0014
Part_0053,Manuf_0015
Part_0053,Manuf_0023
Part_0053,Manuf_0025
Part_0053,Manuf_0026
Part_0054,Manuf_0011
Part_0054,Manuf_0014
Part_0054,Manuf_0015
Part_0055,Manuf_0011
Part_0055,Manuf_0014
Part_0055,Manuf_0015
Part_0055,Manuf_0023
Part_0055,Manuf_0025
Part_0055,Manuf_0026
Part_0056,Manuf_0011
Part_0056,Manuf_0014
Part_0056,Manuf_0015
Part_0057,Manuf_0011
Part_0057,Manuf_0014
Part_0057,Manuf_0015
Part_0057,Manuf_0023
Part_0057,Manuf_0025
Part_0057,Manuf_0026
Part_0058,Manuf_0011
Part_0058,Manuf_0014
Part_0058,Manuf_0015
Part_0058,Manuf_0023
Part_0058,Manuf_0025
Part_0058,Manuf_0026
Part_0059,Manuf_0011
Part_0059,Manuf_0014
Part_0059,Manuf_0015
Part_0060,Manuf_0011
Part_0060,Manuf_0014
Part_0060,Manuf_0015
Part_0060,Manuf_0023
Part_0060,Manuf_0025
Part_0060,Manuf_0026
Part_0061,Manuf_0011
Part_0061,Manuf_0014
Part_0061,Manuf_0015
Part_0062,Manuf_0011
Part_0062,Manuf_0014
Part_0062,Manuf_0015
Part_0062,Manuf_0021
Part_0062,Manuf_0023
Part_0062,Manuf_0025
Part_0062,Manuf_0026
Part_0062,Manuf_0032
Part_0062,Manuf_0038
Part_0062,Manuf_0045
Part_0063,Manuf_0011
Part_0063,Manuf_0014
Part_0063,Manuf_0015
Part_0064,Manuf_0011
Part_0064,Manuf_0014
Part_0064,Manuf_0015
Part_0064,Manuf_0023
Part_0064,Manuf_0025
Part_0064,Manuf_0026
Part_0065,Manuf_0011
Part_0065,Manuf_0014
Part_0065,Manuf_0015
Part_0065,Manuf_0021
Part_0065,Manuf_0032
Part_0065,Manuf_0038
Part_0065,Manuf_0045
Part_0066,Manuf_0011
Part_0066,Manuf_0014
Part_0066,Manuf_0015
Part_0066,Manuf_0023
Part_0066,Manuf_0025
Part_0066,Manuf_0026
Part_0067,Manuf_0011
Part_0067,Manuf_0014
Part_0067,Manuf_0015
Part_0068,Manuf_0011
Part_0068,Manuf_0014
Part_0068,Manuf_0015
Part_0069,Manuf_0011
Part_0069,Manuf_0014
Part_0069,Manuf_0015
Part_0069,Manuf_0021
Part_0069,Manuf_0023
Part_0069,Manuf_0025
Part_0069,Manuf_0026
Part_0069,Manuf_0032
Part_0069,Manuf_0038
Part_0069,Manuf_0045
Part_0070,Manuf_0011
Part_0070,Manuf_0014
Part_0070,Manuf_0015
Part_0071,Manuf_0011
Part_0071,Manuf_0014
Part_0071,Manuf_0015
Part_0072,Manuf_0011
Part_0072,Manuf_0012
Part_0072,Manuf_0013
Part_0072,Manuf_0014
Part_0072,Manuf_0015
Part_0072,Manuf_0016
Part_0072,Manuf_0017
Part_0072,Manuf_0018
Part_0072,Manuf_0019
Part_0072,Manuf_0020
Part_0072,Manuf_0022
Part_0072,Manuf_0024
Part_0072,Manuf_0027
Part_0072,Manuf_0028
Part_0072,Manuf_0029
Part_0072,Manuf_0030
Part_0072,Manuf_0031
Part_0072,Manuf_0033
Part_0072,Manuf_0034
Part_0072,Manuf_0035
Part_0072,Manuf_0036
Part_0072,Manuf_0037
Part_0072,Manuf_0039
Part_0072,Manuf_0040
Part_0072,Manuf_0041
Part_0072,Manuf_0042
Part_0072,Manuf_0043
Part_0072,Manuf_0044
Part_0072,Manuf_0046
Part_0072,Manuf_0047
Part_0073,Manuf_0011
Part_0073,Manuf_0014
Part_0073,Manuf_0015
Part_0073,Manuf_0023
Part_0073,Manuf_0025
Part_0073,Manuf_0026
Part_0074,Manuf_0011
Part_0074,Manuf_0014
Part_0074,Manuf_0015
Part_0074,Manuf_0023
Part_0074,Manuf_0025
Part_0074,Manuf_0026
Part_0075,Manuf_0023
Part_0075,Manuf_0025
Part_0075,Manuf_0026
Part_0076,Manuf_0023
Part_0076,Manuf_0025
Part_0076,Manuf_0026
Part_0077,Manuf_0023
Part_0077,Manuf_0025
Part_0077,Manuf_0026
Part_0078,Manuf_0023
Part_0078,Manuf_0025
Part_0078,Manuf_0026
Part_0079,Manuf_0023
Part_0079,Manuf_0025
Part_0079,Manuf_0026
Part_0080,Manuf_0023
Part_0080,Manuf_0025
Part_0080,Manuf_0026
Part_0081,Manuf_0023
Part_0081,Manuf_0025
Part_0081,Manuf_0026
Part_0082,Manuf_0011
Part_0082,Manuf_0014
Part_0082,Manuf_0015
Part_0082,Manuf_0023
Part_0082,Manuf_0025
Part_0082,Manuf_0026
Part_0083,Manuf_0011
Part_0083,Manuf_0014
Part_0083,Manuf_0015
Part_0083,Manuf_0023
Part_0083,Manuf_0025
Part_0083,Manuf_0026
Part_0084,Manuf_0011
Part_0084,Manuf_0014
Part_0084,Manuf_0015
Part_0085,Manuf_0011
Part_0085,Manuf_0014
Part_0085,Manuf_0015
Part_0086,Manuf_0011
Part_0086,Manuf_0014
Part_0086,Manuf_0015
Part_0086,Manuf_0023
Part_0086,Manuf_0025
Part_0086,Manuf_0026
Part_0087,Manuf_0011
Part_0087,Manuf_0014
Part_0087,Manuf_0015
Part_0088,Manuf_0011
Part_0088,Manuf_0014
Part_0088,Manuf_0015
Part_0089,Manuf_0011
Part_0089,Manuf_0014
Part_0089,Manuf_0015
Part_0090,Manuf_0011
Part_0090,Manuf_0014
Part_0090,Manuf_0015
Part_0090,Manuf_0023
Part_0090,Manuf_0025
Part_0090,Manuf_0026
Part_0091,Manuf_0011
Part_0091,Manuf_0014
Part_0091,Manuf_0015
Part_0091,Manuf_0023
Part_0091,Manuf_0025
Part_0091,Manuf_0026
Part_0092,Manuf_0011
Part_0092,Manuf_0014
Part_0092,Manuf_0015
Part_0093,Manuf_0011
Part_0093,Manuf_0014
Part_0093,Manuf_0015
Part_0093,Manuf_0023
Part_0093,Manuf_0025
Part_0093,Manuf_0026
Part_0094,Manuf_0011
Part_0094,Manuf_0014
Part_0094,Manuf_0015
Part_0094,Manuf_0023
Part_0094,Manuf_0025
Part_0094,Manuf_0026
Part_0095,Manuf_0011
Part_0095,Manuf_0014
Part_0095,Manuf_0015
Part_0095,Manuf_0023
Part_0095,Manuf_0025
Part_0095,Manuf_0026
Part_0096,Manuf_0011
Part_0096,Manuf_0014
Part_0096,Manuf_0015
Part_0096,Manuf_0023
Part_0096,Manuf_0025
Part_0096,Manuf_0026
Part_0097,Manuf_0011
Part_0097,Manuf_0014
Part_0097,Manuf_0015
Part_0097,Manuf_0023
Part_0097,Manuf_0025
Part_0097,Manuf_0026
Part_0098,Manuf_0011
Part_0098,Manuf_0014
Part_0098,Manuf_0015
Part_0099,Manuf_0011
Part_0099,Manuf_0014
Part_0099,Manuf_0015
Part_0100,Manuf_0011
Part_0100,Manuf_0014
Part_0100,Manuf_0015
Part_0100,Manuf_0022
Part_0100,Manuf_0033
Part_0100,Manuf_0034
Part_0100,Manuf_0035
Part_0100,Manuf_0036
Part_0100,Manuf_0037
Part_0100,Manuf_0040
Part_0100,Manuf_0041
Part_0100,Manuf_0042
Part_0100,Manuf_0043
Part_0100,Manuf_0047
Part_0101,Manuf_0011
Part_0101,Manuf_0014
Part_0101,Manuf_0015
Part_0102,Manuf_0011
Part_0102,Manuf_0014
Part_0102,Manuf_0015
Part_0102,Manuf_0023
Part_0102,Manuf_0025
Part_0102,Manuf_0026
Part_0103,Manuf_0011
Part_0103,Manuf_0014
Part_0103,Manuf_0015
Part_0103,Manuf_0023
Part_0103,Manuf_0025
Part_0103,Manuf_0026
Part_0104,Manuf_0011
Part_0104,Manuf_0014
Part_0104,Manuf_0015
Part_0105,Manuf_0011
Part_0105,Manuf_0014
Part_0105,Manuf_0015
Part_0105,Manuf_0023
Part_0105,Manuf_0025
Part_0105,Manuf_0026
Part_0106,Manuf_0011
Part_0106,Manuf_0014
Part_0106,Manuf_0015
Part_0106,Manuf_0023
Part_0106,Manuf_0025
Part_0106,Manuf_0026
Part_0107,Manuf_0011
Part_0107,Manuf_0014
Part_0107,Manuf_0015
Part_0107,Manuf_0023
Part_0107,Manuf_0025
Part_0107,Manuf_0026
Part_0108,Manuf_0011
Part_0108,Manuf_0014
Part_0108,Manuf_0015
Part_0108,Manuf_0023
Part_0108,Manuf_0025
Part_0108,Manuf_0026
Part_0109,Manuf_0011
Part_0109,Manuf_0014
Part_0109,Manuf_0015
Part_0110,Manuf_0011
Part_0110,Manuf_0014
Part_0110,Manuf_0015
Part_0110,Manuf_0023
Part_0110,Manuf_0025
Part_0110,Manuf_0026
Part_0111,Manuf_0011
Part_0111,Manuf_0014
Part_0111,Manuf_0015
Part_0112,Manuf_0011
Part_0112,Manuf_0014
Part_0112,Manuf_0015
Part_0113,Manuf_0011
Part_0113,Manuf_0014
Part_0113,Manuf_0015
Part_0113,Manuf_0023
Part_0113,Manuf_0025
Part_0113,Manuf_0026
Part_0114,Manuf_0011
Part_0114,Manuf_0014
Part_0114,Manuf_0015
Part_0115,Manuf_0011
Part_0115,Manuf_0014
Part_0115,Manuf_0015
Part_0116,Manuf_0011
Part_0116,Manuf_0014
Part_0116,Manuf_0015
Part_0117,Manuf_0011
Part_0117,Manuf_0014
Part_0117,Manuf_0015
Part_0118,Manuf_0011
Part_0118,Manuf_0014
Part_0118,Manuf_0015
Part_0119,Manuf_0011
Part_0119,Manuf_0014
Part_0119,Manuf_0015
Part_0120,Manuf_0011
Part_0120,Manuf_0014
Part_0120,Manuf_0015
Part_0121,Manuf_0011
Part_0121,Manuf_0014
Part_0121,Manuf_0015
Part_0122,Manuf_0011
Part_0122,Manuf_0015
Part_0123,Manuf_0011
Part_0123,Manuf_0015
Part_0124,Manuf_0011
Part_0124,Manuf_0015
Part_0125,Manuf_0011
Part_0125,Manuf_0014
Part_0125,Manuf_0015
Part_0125,Manuf_0023
Part_0125,Manuf_0025
Part_0125,Manuf_0026
Part_0126,Manuf_0011
Part_0126,Manuf_0014
Part_0126,Manuf_0015
Part_0126,Manuf_0023
Part_0126,Manuf_0025
Part_0126,Manuf_0026
Part_0127,Manuf_0011
Part_0127,Manuf_0014
Part_0127,Manuf_0015
Part_0127,Manuf_0023
Part_0127,Manuf_0025
Part_0127,Manuf_0026
Part_0128,Manuf_0011
Part_0128,Manuf_0014
Part_0128,Manuf_0015
Part_0128,Manuf_0023
Part_0128,Manuf_0025
Part_0128,Manuf_0026
Part_0129,Manuf_0011
Part_0129,Manuf_0014
Part_0129,Manuf_0015
Part_0129,Manuf_0023
Part_0129,Manuf_0025
Part_0129,Manuf_0026
Part_0130,Manuf_0011
Part_0130,Manuf_0014
Part_0130,Manuf_0015
Part_0130,Manuf_0023
Part_0130,Manuf_0025
Part_0130,Manuf_0026
Part_0131,Manuf_0011
Part_0131,Manuf_0014
Part_0131,Manuf_0015
Part_0131,Manuf_0023
Part_0131,Manuf_0025
Part_0131,Manuf_0026
Part_0132,Manuf_0011
Part_0132,Manuf_0014
Part_0132,Manuf_0015
Part_0132,Manuf_0023
Part_0132,Manuf_0025
Part_0132,Manuf_0026
Part_0133,Manuf_0011
Part_0133,Manuf_0014
Part_0133,Manuf_0015
Part_0133,Manuf_0023
Part_0133,Manuf_0025
Part_0133,Manuf_0026
Part_0134,Manuf_0011
Part_0134,Manuf_0014
Part_0134,Manuf_0015
Part_0134,Manuf_0023
Part_0134,Manuf_0025
Part_0134,Manuf_0026
Part_0135,Manuf_0011
Part_0135,Manuf_0014
Part_0135,Manuf_0015
Part_0135,Manuf_0023
Part_0135,Manuf_0025
Part_0135,Manuf_0026
Part_0136,Manuf_0011
Part_0136,Manuf_0014
Part_0136,Manuf_0015
Part_0136,Manuf_0023
Part_0136,Manuf_0025
Part_0136,Manuf_0026
Part_0137,Manuf_0011
Part_0137,Manuf_0014
Part_0137,Manuf_0015
Part_0138,Manuf_0011
Part_0138,Manuf_0014
Part_0138,Manuf_0015
Part_0138,Manuf_0023
Part_0138,Manuf_0025
Part_0138,Manuf_0026
Part_0139,Manuf_0011
Part_0139,Manuf_0014
Part_0139,Manuf_0015
Part_0139,Manuf_0023
Part_0139,Manuf_0025
Part_0139,Manuf_0026
Part_0140,Manuf_0011
Part_0140,Manuf_0014
Part_0140,Manuf_0015
Part_0140,Manuf_0023
Part_0140,Manuf_0025
Part_0140,Manuf_0026
Part_0141,Manuf_0011
Part_0141,Manuf_0014
Part_0141,Manuf_0015
Part_0142,Manuf_0011
Part_0142,Manuf_0014
Part_0142,Manuf_0015
Part_0143,Manuf_0011
Part_0143,Manuf_0014
Part_0143,Manuf_0015
Part_0144,Manuf_0011
Part_0144,Manuf_0014
Part_0144,Manuf_0015
Part_0145,Manuf_0011
Part_0145,Manuf_0014
Part_0145,Manuf_0015
Part_0146,Manuf_0011
Part_0146,Manuf_0014
Part_0146,Manuf_0015
Part_0147,Manuf_0011
Part_0147,Manuf_0014
Part_0147,Manuf_0015
Part_0147,Manuf_0023
Part_0147,Manuf_0025
Part_0147,Manuf_0026
Part_0148,Manuf_0011
Part_0148,Manuf_0014
Part_0148,Manuf_0015
Part_0149,Manuf_0011
Part_0149,Manuf_0014
Part_0149,Manuf_0015
Part_0150,Manuf_0011
Part_0150,Manuf_0014
Part_0150,Manuf_0015
Part_0151,Manuf_0011
Part_0151,Manuf_0014
Part_0151,Manuf_0015
Part_0152,Manuf_0011
Part_0152,Manuf_0014
Part_0152,Manuf_0015
Part_0153,Manuf_0011
Part_0153,Manuf_0014
Part_0153,Manuf_0015
Part_0154,Manuf_0011
Part_0154,Manuf_0014
Part_0154,Manuf_0015
Part_0155,Manuf_0011
Part_0155,Manuf_0014
Part_0155,Manuf_0015
Part_0156,Manuf_0011
Part_0156,Manuf_0014
Part_0156,Manuf_0015
Part_0157,Manuf_0011
Part_0157,Manuf_0014
Part_0157,Manuf_0015
Part_0158,Manuf_0011
Part_0158,Manuf_0014
Part_0158,Manuf_0015
Part_0158,Manuf_0023
Part_0158,Manuf_0025
Part_0158,Manuf_0026
Part_0159,Manuf_0011
Part_0159,Manuf_0014
Part_0159,Manuf_0015
Part_0160,Manuf_0011
Part_0160,Manuf_0014
Part_0160,Manuf_0015
Part_0161,Manuf_0011
Part_0161,Manuf_0014
Part_0161,Manuf_0015
Part_0162,Manuf_0011
Part_0162,Manuf_0014
Part_0162,Manuf_0015
Part_0163,Manuf_0011
Part_0163,Manuf_0014
Part_0163,Manuf_0015
Part_0164,Manuf_0011
Part_0164,Manuf_0014
Part_0164,Manuf_0015
Part_0165,Manuf_0011
Part_0165,Manuf_0014
Part_0165,Manuf_0015
Part_0166,Manuf_0011
Part_0166,Manuf_0014
Part_0166,Manuf_0015
Part_0166,Manuf_0023
Part_0166,Manuf_0025
Part_0166,Manuf_0026
Part_0167,Manuf_0011
Part_0167,Manuf_0014
Part_0167,Manuf_0015
Part_0168,Manuf_0011
Part_0168,Manuf_0014
Part_0168,Manuf_0015
Part_0168,Manuf_0023
Part_0168,Manuf_0025
Part_0168,Manuf_0026
Part_0169,Manuf_0011
Part_0169,Manuf_0014
Part_0169,Manuf_0015
Part_0169,Manuf_0023
Part_0169,Manuf_0025
Part_0169,Manuf_0026
Part_0170,Manuf_0011
Part_0170,Manuf_0014
Part_0170,Manuf_0015
Part_0170,Manuf_0023
Part_0170,Manuf_0025
Part_0170,Manuf_0026
Part_0171,Manuf_0011
Part_0171,Manuf_0014
Part_0171,Manuf_0015
Part_0171,Manuf_0023
Part_0171,Manuf_0025
Part_0171,Manuf_0026
Part_0172,Manuf_0011
Part_0172,Manuf_0014
Part_0172,Manuf_0015
Part_0172,Manuf_0023
Part_0172,Manuf_0025
Part_0172,Manuf_0026
Part_0173,Manuf_0011
Part_0173,Manuf_0014
Part_0173,Manuf_0015
Part_0173,Manuf_0023
Part_0173,Manuf_0025
Part_0173,Manuf_0026
Part_0174,Manuf_0011
Part_0174,Manuf_0014
Part_0174,Manuf_0015
Part_0175,Manuf_0011
Part_0175,Manuf_0014
Part_0175,Manuf_0015
Part_0176,Manuf_0011
Part_0176,Manuf_0014
Part_0176,Manuf_0015
Part_0177,Manuf_0011
Part_0177,Manuf_0015
Part_0177,Manuf_0025
Part_0177,Manuf_0026
Part_0178,Manuf_0011
Part_0178,Manuf_0014
Part_0178,Manuf_0015
Part_0179,Manuf_0011
Part_0179,Manuf_0014
Part_0179,Manuf_0015
Part_0180,Manuf_0011
Part_0180,Manuf_0014
Part_0180,Manuf_0015
Part_0181,Manuf_0011
Part_0181,Manuf_0014
Part_0181,Manuf_0015
Part_0182,Manuf_0011
Part_0182,Manuf_0014
Part_0182,Manuf_0015
Part_0183,Manuf_0011
Part_0183,Manuf_0014
Part_0183,Manuf_0015
Part_0184,Manuf_0011
Part_0184,Manuf_0014
Part_0184,Manuf_0015
Part_0184,Manuf_0023
Part_0184,Manuf_0025
Part_0184,Manuf_0026
Part_0185,Manuf_0011
Part_0185,Manuf_0014
Part_0185,Manuf_0015
Part_0185,Manuf_0023
Part_0185,Manuf_0025
Part_0185,Manuf_0026
Part_0186,Manuf_0011
Part_0186,Manuf_0025
Part_0187,Manuf_0011
Part_0187,Manuf_0025
Part_0188,Manuf_0011
Part_0188,Manuf_0014
Part_0188,Manuf_0015
Part_0189,Manuf_0011
Part_0189,Manuf_0014
Part_0189,Manuf_0015
Part_0190,Manuf_0011
Part_0190,Manuf_0015
Part_0190,Manuf_0023
Part_0190,Manuf_0025
Part_0190,Manuf_0026
Part_0191,Manuf_0011
Part_0191,Manuf_0014
Part_0191,Manuf_0015
Part_0191,Manuf_0023
Part_0191,Manuf_0025
Part_0191,Manuf_0026
Part_0192,Manuf_0011
Part_0192,Manuf_0014
Part_0192,Manuf_0015
Part_0192,Manuf_0023
Part_0192,Manuf_0025
Part_0192,Manuf_0026
Part_0193,Manuf_0011
Part_0193,Manuf_0014
Part_0193,Manuf_0015
Part_0193,Manuf_0023
Part_0193,Manuf_0025
Part_0193,Manuf_0026
Part_0194,Manuf_0011
Part_0194,Manuf_0014
Part_0194,Manuf_0015
Part_0194,Manuf_0023
Part_0194,Manuf_0025
Part_0194,Manuf_0026
Part_0195,Manuf_0011
Part_0195,Manuf_0014
Part_0195,Manuf_0015
Part_0195,Manuf_0023
Part_0195,Manuf_0025
Part_0195,Manuf_0026
Part_0196,Manuf_0011
Part_0196,Manuf_0014
Part_0196,Manuf_0015
Part_0197,Manuf_0011
Part_0197,Manuf_0014
Part_0197,Manuf_0015
Part_0198,Manuf_0011
Part_0198,Manuf_0014
Part_0198,Manuf_0015
Part_0199,Manuf_0011
Part_0199,Manuf_0014
Part_0199,Manuf_0015
Part_0200,Manuf_0011
Part_0200,Manuf_0014
Part_0200,Manuf_0015
Part_0200,Manuf_0023
Part_0200,Manuf_0025
Part_0200,Manuf_0026
Part_0201,Manuf_0011
Part_0201,Manuf_0014
Part_0201,Manuf_0015
Part_0201,Manuf_0023
Part_0201,Manuf_0025
Part_0201,Manuf_0026
Part_0202,Manuf_0011
Part_0202,Manuf_0014
Part_0202,Manuf_0015
Part_0203,Manuf_0011
Part_0203,Manuf_0014
Part_0203,Manuf_0015
Part_0204,Manuf_0012
Part_0204,Manuf_0021
Part_0204,Manuf_0022
Part_0204,Manuf_0024
Part_0204,Manuf_0032
Part_0204,Manuf_0033
Part_0204,Manuf_0034
Part_0204,Manuf_0035
Part_0204,Manuf_0036
Part_0204,Manuf_0037
Part_0204,Manuf_0038
Part_0204,Manuf_0039
Part_0204,Manuf_0040
Part_0204,Manuf_0041
Part_0204,Manuf_0042
Part_0204,Manuf_0043
Part_0204,Manuf_0044
Part_0204,Manuf_0045
Part_0204,Manuf_0047
Part_0204,Manuf_0048
Part_0204,Retail_0001
Part_0204,Retail_0002
Part_0205,Manuf_0012
Part_0205,Manuf_0013
Part_0205,Manuf_0016
Part_0205,Manuf_0017
Part_0205,Manuf_0018
Part_0205,Manuf_0019
Part_0205,Manuf_0020
Part_0205,Manuf_0022
Part_0205,Manuf_0024
Part_0205,Manuf_0027
Part_0205,Manuf_0028
Part_0205,Manuf_0029
Part_0205,Manuf_0030
Part_0205,Manuf_0031
Part_0205,Manuf_0033
Part_0205,Manuf_0034
Part_0205,Manuf_0035
Part_0205,Manuf_0036
Part_0205,Manuf_0037
Part_0205,Manuf_0039
Part_0205,Manuf_0040
Part_0205,Manuf_0041
Part_0205,Manuf_0042
Part_0205,Manuf_0043
Part_0205,Manuf_0044
Part_0205,Manuf_0046
Part_0205,Manuf_0047
Part_0206,Manuf_0012
Part_0206,Manuf_0024
Part_0206,Manuf_0039
Part_0206,Manuf_0044
Part_0207,Manuf_0012
Part_0207,Manuf_0024
Part_0207,Manuf_0039
Part_0207,Manuf_0044
Part_0208,Manuf_0012
Part_0208,Manuf_0024
Part_0208,Manuf_0039
Part_0208,Manuf_0044
Part_0209,Manuf_0012
Part_0209,Manuf_0013
Part_0209,Manuf_0016
Part_0209,Manuf_0017
Part_0209,Manuf_0018
Part_0209,Manuf_0019
Part_0209,Manuf_0020
Part_0209,Manuf_0021
Part_0209,Manuf_0022
Part_0209,Manuf_0023
Part_0209,Manuf_0024
Part_0209,Manuf_0025
Part_0209,Manuf_0026
Part_0209,Manuf_0027
Part_0209,Manuf_0028
Part_0209,Manuf_0029
Part_0209,Manuf_0030
Part_0209,Manuf_0031
Part_0209,Manuf_0032
Part_0209,Manuf_0033
Part_0209,Manuf_0034
Part_0209,Manuf_0035
Part_0209,Manuf_0036
Part_0209,Manuf_0037
Part_0209,Manuf_0038
Part_0209,Manuf_0039
Part_0209,Manuf_0040
Part_0209,Manuf_0041
Part_0209,Manuf_0042
Part_0209,Manuf_0043
Part_0209,Manuf_0044
Part_0209,Manuf_0045
Part_0209,Manuf_0046
Part_0209,Manuf_0047
Part_0210,Manuf_0012
Part_0210,Manuf_0024
Part_0210,Manuf_0039
Part_0210,Manuf_0044
Part_0211,Manuf_0012
Part_0211,Manuf_0021
Part_0211,Manuf_0022
Part_0211,Manuf_0024
Part_0211,Manuf_0032
Part_0211,Manuf_0033
Part_0211,Manuf_0034
Part_0211,Manuf_0035
Part_0211,Manuf_0036
Part_0211,Manuf_0037
Part_0211,Manuf_0038
Part_0211,Manuf_0039
Part_0211,Manuf_0040
Part_0211,Manuf_0041
Part_0211,Manuf_0042
Part_0211,Manuf_0043
Part_0211,Manuf_0044
Part_0211,Manuf_0045
Part_0211,Manuf_0047
Part_0211,Manuf_0048
Part_0211,Retail_0002
Part_0212,Manuf_0012
Part_0212,Manuf_0024
Part_0212,Manuf_0039
Part_0212,Manuf_0044
Part_0213,Manuf_0012
Part_0213,Manuf_0024
Part_0213,Manuf_0039
Part_0213,Manuf_0044
Part_0214,Manuf_0012
Part_0214,Manuf_0024
Part_0214,Manuf_0039
Part_0214,Manuf_0044
Part_0215,Manuf_0012
Part_0215,Manuf_0024
Part_0215,Manuf_0039
Part_0215,Manuf_0044
Part_0216,Manuf_0012
Part_0216,Manuf_0024
Part_0216,Manuf_0039
Part_0216,Manuf_0044
Part_0217,Manuf_0012
Part_0217,Manuf_0021
Part_0217,Manuf_0022
Part_0217,Manuf_0024
Part_0217,Manuf_0032
Part_0217,Manuf_0033
Part_0217,Manuf_0034
Part_0217,Manuf_0035
Part_0217,Manuf_0036
Part_0217,Manuf_0037
Part_0217,Manuf_0039
Part_0217,Manuf_0040
Part_0217,Manuf_0041
Part_0217,Manuf_0042
Part_0217,Manuf_0043
Part_0217,Manuf_0044
Part_0217,Manuf_0047
Part_0217,Manuf_0048
Part_0217,Retail_0002
Part_0218,Manuf_0012
Part_0218,Manuf_0024
Part_0218,Manuf_0039
Part_0218,Manuf_0044
Part_0219,Manuf_0012
Part_0219,Manuf_0039
Part_0220,Manuf_0012
Part_0220,Manuf_0024
Part_0220,Manuf_0039
Part_0220,Manuf_0044
Part_0221,Manuf_0012
Part_0221,Manuf_0039
Part_0222,Manuf_0012
Part_0222,Manuf_0039
Part_0223,Manuf_0013
Part_0223,Manuf_0017
Part_0223,Manuf_0018
Part_0223,Manuf_0019
Part_0223,Manuf_0020
Part_0223,Manuf_0022
Part_0223,Manuf_0028
Part_0223,Manuf_0029
Part_0223,Manuf_0030
Part_0223,Manuf_0031
Part_0223,Manuf_0035
Part_0223,Manuf_0036
Part_0223,Manuf_0037
Part_0223,Manuf_0040
Part_0223,Manuf_0041
Part_0223,Manuf_0042
Part_0223,Manuf_0043
Part_0223,Manuf_0046
Part_0223,Manuf_0047
Part_0223,Retail_0003
Part_0223,Retail_0004
Part_0223,Retail_0005
Part_0223,Retail_0006
Part_0223,Retail_0007
Part_0223,Retail_0008
Part_0223,Retail_0009
Part_0223,Retail_0012
Part_0223,Retail_0013
Part_0223,Retail_0014
Part_0224,Manuf_0013
Part_0224,Manuf_0016
Part_0224,Manuf_0017
Part_0224,Manuf_0018
Part_0224,Manuf_0019
Part_0224,Manuf_0020
Part_0224,Manuf_0027
Part_0224,Manuf_0028
Part_0224,Manuf_0029
Part_0224,Manuf_0030
Part_0224,Manuf_0031
Part_0224,Manuf_0046
Part_0224,Retail_0003
Part_0224,Retail_0004
Part_0224,Retail_0005
Part_0224,Retail_0006
Part_0224,Retail_0007
Part_0224,Retail_0008
Part_0224,Retail_0009
Part_0224,Retail_0010
Part_0224,Retail_0011
Part_0224,Retail_0012
Part_0224,Retail_0013
Part_0224,Retail_0014
Part_0224,Retail_0015
Part_0225,Manuf_0013
Part_0225,Manuf_0016
Part_0225,Manuf_0017
Part_0225,Manuf_0018
Part_0225,Manuf_0019
Part_0225,Manuf_0020
Part_0225,Manuf_0027
Part_0225,Manuf_0028
Part_0225,Manuf_0029
Part_0225,Manuf_0030
Part_0225,Manuf_0031
Part_0225,Manuf_0046
Part_0225,Retail_0003
Part_0225,Retail_0004
Part_0225,Retail_0005
Part_0225,Retail_0006
Part_0225,Retail_0007
Part_0225,Retail_0008
Part_0225,Retail_0009
Part_0225,Retail_0010
Part_0225,Retail_0011
Part_0225,Retail_0012
Part_0225,Retail_0013
Part_0225,Retail_0014
Part_0225,Retail_0015
Part_0226,Manuf_0013
Part_0226,Manuf_0017
Part_0226,Manuf_0018
Part_0226,Manuf_0019
Part_0226,Manuf_0020
Part_0226,Manuf_0029
Part_0226,Manuf_0030
Part_0226,Manuf_0031
Part_0226,Manuf_0046
Part_0226,Retail_0003
Part_0226,Retail_0004
Part_0226,Retail_0005
Part_0226,Retail_0006
Part_0226,Retail_0007
Part_0226,Retail_0008
Part_0226,Retail_0009
Part_0226,Retail_0012
Part_0226,Retail_0013
Part_0226,Retail_0014
Part_0227,Manuf_0013
Part_0227,Manuf_0016
Part_0227,Manuf_0017
Part_0227,Manuf_0018
Part_0227,Manuf_0019
Part_0227,Manuf_0020
Part_0227,Manuf_0027
Part_0227,Manuf_0028
Part_0227,Manuf_0029
Part_0227,Manuf_0030
Part_0227,Manuf_0031
Part_0227,Manuf_0046
Part_0227,Retail_0003
Part_0227,Retail_0004
Part_0227,Retail_0005
Part_0227,Retail_0006
Part_0227,Retail_0007
Part_0227,Retail_0008
Part_0227,Retail_0009
Part_0227,Retail_0010
Part_0227,Retail_0011
Part_0227,Retail_0012
Part_0227,Retail_0013
Part_0227,Retail_0014
Part_0227,Retail_0015
Part_0228,Manuf_0013
Part_0228,Manuf_0016
Part_0228,Manuf_0017
Part_0228,Manuf_0018
Part_0228,Manuf_0019
Part_0228,Manuf_0020
Part_0228,Manuf_0027
Part_0228,Manuf_0028
Part_0228,Manuf_0029
Part_0228,Manuf_0030
Part_0228,Manuf_0031
Part_0228,Manuf_0046
Part_0228,Retail_0003
Part_0228,Retail_0004
Part_0228,Retail_0005
Part_0228,Retail_0006
Part_0228,Retail_0007
Part_0228,Retail_0008
Part_0228,Retail_0009
Part_0228,Retail_0010
Part_0228,Retail_0011
Part_0228,Retail_0012
Part_0228,Retail_0013
Part_0228,Retail_0014
Part_0228,Retail_0015
Part_0229,Manuf_0013
Part_0229,Manuf_0016
Part_0229,Manuf_0017
Part_0229,Manuf_0018
Part_0229,Manuf_0019
Part_0229,Manuf_0020
Part_0229,Manuf_0027
Part_0229,Manuf_0028
Part_0229,Manuf_0029
Part_0229,Manuf_0030
Part_0229,Manuf_0031
Part_0229,Manuf_0046
Part_0229,Retail_0004
Part_0229,Retail_0006
Part_0229,Retail_0008
Part_0229,Retail_0009
Part_0229,Retail_0010
Part_0229,Retail_0011
Part_0229,Retail_0013
Part_0229,Retail_0014
Part_0230,Manuf_0013
Part_0230,Manuf_0016
Part_0230,Manuf_0017
Part_0230,Manuf_0018
Part_0230,Manuf_0019
Part_0230,Manuf_0020
Part_0230,Manuf_0027
Part_0230,Manuf_0028
Part_0230,Manuf_0029
Part_0230,Manuf_0030
Part_0230,Manuf_0031
Part_0230,Manuf_0046
Part_0230,Retail_0003
Part_0230,Retail_0004
Part_0230,Retail_0005
Part_0230,Retail_0006
Part_0230,Retail_0007
Part_0230,Retail_0008
Part_0230,Retail_0009
Part_0230,Retail_0010
Part_0230,Retail_0011
Part_0230,Retail_0012
Part_0230,Retail_0013
Part_0230,Retail_0014
Part_0230,Retail_0015
Part_0231,Manuf_0013
Part_0231,Manuf_0016
Part_0231,Manuf_0017
Part_0231,Manuf_0018
Part_0231,Manuf_0019
Part_0231,Manuf_0020
Part_0231,Manuf_0027
Part_0231,Manuf_0028
Part_0231,Manuf_0029
Part_0231,Manuf_0030
Part_0231,Manuf_0031
Part_0231,Manuf_0046
Part_0231,Retail_0003
Part_0231,Retail_0004
Part_0231,Retail_0006
Part_0231,Retail_0008
Part_0231,Retail_0009
Part_0231,Retail_0010
Part_0231,Retail_0011
Part_0231,Retail_0013
Part_0231,Retail_0014
Part_0231,Retail_0015
Part_0232,Manuf_0013
Part_0232,Manuf_0016
Part_0232,Manuf_0017
Part_0232,Manuf_0018
Part_0232,Manuf_0019
Part_0232,Manuf_0020
Part_0232,Manuf_0027
Part_0232,Manuf_0028
Part_0232,Manuf_0029
Part_0232,Manuf_0030
Part_0232,Manuf_0031
Part_0232,Manuf_0046
Part_0233,Manuf_0013
Part_0233,Manuf_0016
Part_0233,Manuf_0017
Part_0233,Manuf_0018
Part_0233,Manuf_0019
Part_0233,Manuf_0020
Part_0233,Manuf_0022
Part_0233,Manuf_0027
Part_0233,Manuf_0028
Part_0233,Manuf_0029
Part_0233,Manuf_0030
Part_0233,Manuf_0031
Part_0233,Manuf_0036
Part_0233,Manuf_0037
Part_0233,Manuf_0046
Part_0234,Manuf_0013
Part_0234,Manuf_0016
Part_0234,Manuf_0017
Part_0234,Manuf_0018
Part_0234,Manuf_0019
Part_0234,Manuf_0020
Part_0234,Manuf_0027
Part_0234,Manuf_0028
Part_0234,Manuf_0029
Part_0234,Manuf_0030
Part_0234,Manuf_0031
Part_0234,Manuf_0046
Part_0235,Manuf_0013
Part_0235,Manuf_0016
Part_0235,Manuf_0017
Part_0235,Manuf_0018
Part_0235,Manuf_0019
Part_0235,Manuf_0020
Part_0235,Manuf_0027
Part_0235,Manuf_0028
Part_0235,Manuf_0029
Part_0235,Manuf_0030
Part_0235,Manuf_0031
Part_0235,Manuf_0033
Part_0235,Manuf_0034
Part_0235,Manuf_0035
Part_0235,Manuf_0040
Part_0235,Manuf_0041
Part_0235,Manuf_0042
Part_0235,Manuf_0043
Part_0235,Manuf_0046
Part_0235,Manuf_0047
Part_0236,Manuf_0013
Part_0236,Manuf_0016
Part_0236,Manuf_0017
Part_0236,Manuf_0018
Part_0236,Manuf_0019
Part_0236,Manuf_0020
Part_0236,Manuf_0027
Part_0236,Manuf_0028
Part_0236,Manuf_0029
Part_0236,Manuf_0030
Part_0236,Manuf_0031
Part_0236,Manuf_0046
Part_0237,Manuf_0013
Part_0237,Manuf_0017
Part_0237,Manuf_0018
Part_0237,Manuf_0028
Part_0237,Manuf_0029
Part_0237,Manuf_0046
Part_0238,Manuf_0013
Part_0238,Manuf_0016
Part_0238,Manuf_0017
Part_0238,Manuf_0018
Part_0238,Manuf_0019
Part_0238,Manuf_0020
Part_0238,Manuf_0027
Part_0238,Manuf_0028
Part_0238,Manuf_0029
Part_0238,Manuf_0030
Part_0238,Manuf_0031
Part_0238,Manuf_0046
Part_0239,Manuf_0013
Part_0239,Manuf_0016
Part_0239,Manuf_0017
Part_0239,Manuf_0018
Part_0239,Manuf_0019
Part_0239,Manuf_0020
Part_0239,Manuf_0027
Part_0239,Manuf_0028
Part_0239,Manuf_0029
Part_0239,Manuf_0030
Part_0239,Manuf_0031
Part_0239,Manuf_0046
Part_0240,Manuf_0013
Part_0240,Manuf_0016
Part_0240,Manuf_0017
Part_0240,Manuf_0018
Part_0240,Manuf_0019
Part_0240,Manuf_0020
Part_0240,Manuf_0027
Part_0240,Manuf_0028
Part_0240,Manuf_0029
Part_0240,Manuf_0030
Part_0240,Manuf_0031
Part_0240,Manuf_0046
Part_0241,Manuf_0013
Part_0241,Manuf_0016
Part_0241,Manuf_0017
Part_0241,Manuf_0018
Part_0241,Manuf_0019
Part_0241,Manuf_0020
Part_0241,Manuf_0027
Part_0241,Manuf_0028
Part_0241,Manuf_0029
Part_0241,Manuf_0030
Part_0241,Manuf_0031
Part_0241,Manuf_0046
Part_0242,Manuf_0013
Part_0242,Manuf_0016
Part_0242,Manuf_0017
Part_0242,Manuf_0018
Part_0242,Manuf_0019
Part_0242,Manuf_0020
Part_0242,Manuf_0027
Part_0242,Manuf_0028
Part_0242,Manuf_0029
Part_0242,Manuf_0030
Part_0242,Manuf_0031
Part_0242,Manuf_0046
Part_0243,Manuf_0013
Part_0243,Manuf_0016
Part_0243,Manuf_0017
Part_0243,Manuf_0018
Part_0243,Manuf_0019
Part_0243,Manuf_0020
Part_0243,Manuf_0024
Part_0243,Manuf_0044
Part_0243,Manuf_0046
Part_0244,Manuf_0014
Part_0244,Manuf_0023
Part_0245,Manuf_0014
Part_0246,Manuf_0014
Part_0246,Manuf_0023
Part_0247,Manuf_0016
Part_0247,Manuf_0027
Part_0247,Manuf_0033
Part_0247,Manuf_0034
Part_0248,Manuf_0016
Part_0248,Manuf_0027
Part_0248,Manuf_0033
Part_0248,Manuf_0034
Part_0249,Manuf_0016
Part_0249,Manuf_0027
Part_0250,Manuf_0015
Part_0250,Manuf_0026
Part_0251,Manuf_0015
Part_0251,Manuf_0026
Part_0252,Manuf_0015
Part_0252,Manuf_0026
Part_0253,Manuf_0015
Part_0253,Manuf_0026
Part_0254,Manuf_0017
Part_0254,Manuf_0018
Part_0254,Manuf_0029
Part_0254,Manuf_0037
Part_0254,Manuf_0041
Part_0254,Manuf_0046
Part_0254,Manuf_0047
Part_0255,Manuf_0019
Part_0255,Manuf_0020
Part_0255,Manuf_0022
Part_0255,Manuf_0030
Part_0255,Manuf_0031
Part_0255,Manuf_0042
Part_0255,Manuf_0043
Part_0255,Manuf_0046
Part_0256,Manuf_0019
Part_0256,Manuf_0020
Part_0256,Manuf_0030
Part_0256,Manuf_0031
Part_0256,Manuf_0046
Part_0257,Manuf_0021
Part_0257,Manuf_0032
Part_0257,Manuf_0038
Part_0257,Manuf_0045
Part_0258,Manuf_0021
Part_0258,Manuf_0032
Part_0259,Manuf_0021
Part_0259,Manuf_0032
Part_0259,Manuf_0038
Part_0259,Manuf_0045
Part_0260,Manuf_0021
Part_0261,Manuf_0021
Part_0261,Manuf_0022
Part_0261,Manuf_0032
Part_0261,Manuf_0036
Part_0261,Manuf_0037
Part_0261,Manuf_0038
Part_0261,Manuf_0045
Part_0262,Manuf_0021
Part_0262,Manuf_0032
Part_0263,Manuf_0021
Part_0263,Manuf_0032
Part_0264,Manuf_0021
Part_0264,Manuf_0032
Part_0264,Manuf_0038
Part_0264,Manuf_0045
Part_0265,Manuf_0021
Part_0265,Manuf_0032
Part_0265,Manuf_0038
Part_0265,Manuf_0045
Part_0266,Manuf_0021
Part_0266,Manuf_0032
Part_0266,Manuf_0038
Part_0266,Manuf_0045
Part_0267,Manuf_0021
Part_0267,Manuf_0032
Part_0267,Manuf_0038
Part_0267,Manuf_0045
Part_0268,Manuf_0021
Part_0268,Manuf_0032
Part_0268,Manuf_0038
Part_0268,Manuf_0045
Part_0269,Manuf_0021
Part_0269,Manuf_0032
Part_0269,Manuf_0038
Part_0269,Manuf_0045
Part_0270,Manuf_0021
Part_0270,Manuf_0032
Part_0271,Manuf_0021
Part_0271,Manuf_0032
Part_0271,Manuf_0038
Part_0271,Manuf_0045
Part_0272,Manuf_0021
Part_0272,Manuf_0032
Part_0272,Manuf_0038
Part_0272,Manuf_0045
Part_0273,Manuf_0021
Part_0273,Manuf_0038
Part_0274,Manuf_0021
Part_0274,Manuf_0038
Part_0275,Manuf_0021
Part_0275,Manuf_0032
Part_0275,Manuf_0038
Part_0275,Manuf_0045
Part_0276,Manuf_0021
Part_0276,Manuf_0022
Part_0276,Manuf_0036
Part_0276,Manuf_0037
Part_0276,Manuf_0038
Part_0276,Retail_0002
Part_0277,Manuf_0021
Part_0277,Manuf_0032
Part_0277,Manuf_0038
Part_0277,Manuf_0045
Part_0278,Manuf_0021
Part_0278,Manuf_0032
Part_0278,Manuf_0038
Part_0278,Manuf_0045
Part_0279,Manuf_0022
Part_0279,Manuf_0033
Part_0279,Manuf_0034
Part_0279,Manuf_0035
Part_0279,Manuf_0036
Part_0279,Manuf_0037
Part_0279,Manuf_0040
Part_0279,Manuf_0041
Part_0279,Manuf_0042
Part_0279,Manuf_0043
Part_0279,Manuf_0047
Part_0280,Manuf_0022
Part_0280,Manuf_0033
Part_0280,Manuf_0034
Part_0280,Manuf_0035
Part_0280,Manuf_0036
Part_0280,Manuf_0037
Part_0280,Manuf_0040
Part_0280,Manuf_0041
Part_0280,Manuf_0042
Part_0280,Manuf_0043
Part_0280,Manuf_0047
Part_0281,Manuf_0022
Part_0281,Manuf_0036
Part_0281,Manuf_0037
Part_0282,Manuf_0022
Part_0282,Manuf_0036
Part_0282,Manuf_0037
Part_0283,Manuf_0022
Part_0283,Manuf_0033
Part_0283,Manuf_0034
Part_0283,Manuf_0035
Part_0283,Manuf_0036
Part_0283,Manuf_0037
Part_0283,Manuf_0040
Part_0283,Manuf_0041
Part_0283,Manuf_0042
Part_0283,Manuf_0043
Part_0283,Manuf_0047
Part_0284,Manuf_0022
Part_0284,Manuf_0036
Part_0284,Manuf_0037
Part_0285,Manuf_0022
Part_0285,Manuf_0036
Part_0285,Manuf_0037
Part_0286,Manuf_0022
Part_0286,Manuf_0033
Part_0286,Manuf_0034
Part_0286,Manuf_0035
Part_0286,Manuf_0036
Part_0286,Manuf_0037
Part_0286,Manuf_0040
Part_0286,Manuf_0041
Part_0286,Manuf_0042
Part_0286,Manuf_0043
Part_0286,Manuf_0047
Part_0287,Manuf_0022
Part_0287,Manuf_0036
Part_0287,Manuf_0037
Part_0288,Manuf_0022
Part_0288,Manuf_0042
Part_0288,Manuf_0043
Part_0289,Manuf_0022
Part_0289,Manuf_0033
Part_0289,Manuf_0034
Part_0289,Manuf_0035
Part_0289,Manuf_0036
Part_0289,Manuf_0037
Part_0289,Manuf_0040
Part_0289,Manuf_0041
Part_0289,Manuf_0042
Part_0289,Manuf_0043
Part_0289,Manuf_0047
Part_0290,Manuf_0022
Part_0290,Manuf_0033
Part_0290,Manuf_0034
Part_0290,Manuf_0035
Part_0290,Manuf_0036
Part_0290,Manuf_0037
Part_0290,Manuf_0040
Part_0290,Manuf_0041
Part_0290,Manuf_0042
Part_0290,Manuf_0043
Part_0290,Manuf_0047
Part_0291,Manuf_0022
Part_0291,Manuf_0036
Part_0291,Manuf_0037
Part_0292,Manuf_0022
Part_0292,Manuf_0036
Part_0292,Manuf_0037
Part_0293,Manuf_0022
Part_0293,Manuf_0033
Part_0293,Manuf_0034
Part_0293,Manuf_0035
Part_0293,Manuf_0036
Part_0293,Manuf_0037
Part_0293,Manuf_0040
Part_0293,Manuf_0041
Part_0293,Manuf_0042
Part_0293,Manuf_0043
Part_0293,Manuf_0047
Part_0294,Manuf_0022
Part_0294,Manuf_0033
Part_0294,Manuf_0034
Part_0294,Manuf_0035
Part_0294,Manuf_0036
Part_0294,Manuf_0037
Part_0294,Manuf_0040
Part_0294,Manuf_0041
Part_0294,Manuf_0042
Part_0294,Manuf_0043
Part_0294,Manuf_0047
Part_0295,Manuf_0022
Part_0295,Manuf_0035
Part_0295,Manuf_0036
Part_0295,Manuf_0037
Part_0295,Manuf_0040
Part_0295,Manuf_0041
Part_0295,Manuf_0042
Part_0295,Manuf_0043
Part_0295,Manuf_0047
Part_0296,Manuf_0022
Part_0296,Manuf_0033
Part_0296,Manuf_0034
Part_0296,Manuf_0035
Part_0296,Manuf_0036
Part_0296,Manuf_0037
Part_0296,Manuf_0040
Part_0296,Manuf_0041
Part_0296,Manuf_0042
Part_0296,Manuf_0043
Part_0296,Manuf_0047
Part_0297,Manuf_0022
Part_0297,Manuf_0036
Part_0297,Manuf_0037
Part_0298,Manuf_0022
Part_0298,Manuf_0036
Part_0298,Manuf_0037
Part_0299,Manuf_0022
Part_0299,Manuf_0036
Part_0299,Manuf_0037
Part_0300,Manuf_0022
Part_0300,Manuf_0036
Part_0300,Manuf_0037
Part_0301,Manuf_0022
Part_0301,Manuf_0036
Part_0301,Manuf_0037
Part_0302,Manuf_0022
Part_0302,Manuf_0036
Part_0302,Manuf_0037
Part_0303,Manuf_0022
Part_0303,Manuf_0036
Part_0303,Manuf_0037
Part_0304,Manuf_0022
Part_0304,Manuf_0036
Part_0304,Manuf_0037
Part_0305,Manuf_0022
Part_0305,Manuf_0033
Part_0305,Manuf_0034
Part_0305,Manuf_0035
Part_0305,Manuf_0036
Part_0305,Manuf_0037
Part_0305,Manuf_0040
Part_0305,Manuf_0041
Part_0305,Manuf_0042
Part_0305,Manuf_0043
Part_0305,Manuf_0047
Part_0306,Manuf_0022
Part_0306,Manuf_0033
Part_0306,Manuf_0034
Part_0306,Manuf_0035
Part_0306,Manuf_0037
Part_0306,Manuf_0040
Part_0306,Manuf_0041
Part_0306,Manuf_0042
Part_0306,Manuf_0043
Part_0306,Manuf_0047
Part_0307,Manuf_0023
Part_0307,Manuf_0025
Part_0307,Manuf_0026
Part_0308,Manuf_0023
Part_0308,Manuf_0025
Part_0308,Manuf_0026
Part_0309,Manuf_0023
Part_0309,Manuf_0025
Part_0309,Manuf_0026
Part_0310,Manuf_0023
Part_0310,Manuf_0025
Part_0310,Manuf_0026
Part_0311,Manuf_0023
Part_0311,Manuf_0025
Part_0311,Manuf_0026
Part_0312,Manuf_0023
Part_0312,Manuf_0025
Part_0312,Manuf_0026
Part_0313,Manuf_0023
Part_0313,Manuf_0025
Part_0313,Manuf_0026
Part_0314,Manuf_0023
Part_0314,Manuf_0025
Part_0314,Manuf_0026
Part_0315,Manuf_0023
Part_0315,Manuf_0025
Part_0315,Manuf_0026
Part_0316,Manuf_0023
Part_0316,Manuf_0025
Part_0316,Manuf_0026
Part_0317,Manuf_0023
Part_0317,Manuf_0025
Part_0317,Manuf_0026
Part_0318,Manuf_0023
Part_0318,Manuf_0025
Part_0318,Manuf_0026
Part_0319,Manuf_0023
Part_0319,Manuf_0025
Part_0319,Manuf_0026
Part_0320,Manuf_0023
Part_0320,Manuf_0025
Part_0320,Manuf_0026
Part_0321,Manuf_0023
Part_0321,Manuf_0025
Part_0321,Manuf_0026
Part_0322,Manuf_0023
Part_0322,Manuf_0025
Part_0322,Manuf_0026
Part_0323,Manuf_0023
Part_0323,Manuf_0025
Part_0323,Manuf_0026
Part_0324,Manuf_0023
Part_0324,Manuf_0025
Part_0324,Manuf_0026
Part_0325,Manuf_0023
Part_0325,Manuf_0025
Part_0325,Manuf_0026
Part_0326,Manuf_0023
Part_0326,Manuf_0025
Part_0326,Manuf_0026
Part_0327,Manuf_0023
Part_0327,Manuf_0025
Part_0327,Manuf_0026
Part_0328,Manuf_0023
Part_0328,Manuf_0025
Part_0328,Manuf_0026
Part_0329,Manuf_0023
Part_0329,Manuf_0025
Part_0329,Manuf_0026
Part_0330,Manuf_0023
Part_0330,Manuf_0025
Part_0330,Manuf_0026
Part_0331,Manuf_0023
Part_0331,Manuf_0025
Part_0331,Manuf_0026
Part_0332,Manuf_0023
Part_0332,Manuf_0025
Part_0332,Manuf_0026
Part_0333,Manuf_0023
Part_0333,Manuf_0025
Part_0333,Manuf_0026
Part_0334,Manuf_0023
Part_0334,Manuf_0025
Part_0334,Manuf_0026
Part_0335,Manuf_0023
Part_0335,Manuf_0025
Part_0335,Manuf_0026
Part_0336,Manuf_0023
Part_0336,Manuf_0025
Part_0336,Manuf_0026
Part_0337,Manuf_0023
Part_0337,Manuf_0025
Part_0337,Manuf_0026
Part_0338,Manuf_0023
Part_0338,Manuf_0025
Part_0338,Manuf_0026
Part_0339,Manuf_0023
Part_0339,Manuf_0025
Part_0339,Manuf_0026
Part_0340,Manuf_0023
Part_0340,Manuf_0025
Part_0340,Manuf_0026
Part_0341,Manuf_0023
Part_0341,Manuf_0025
Part_0341,Manuf_0026
Part_0342,Manuf_0023
Part_0342,Manuf_0025
Part_0342,Manuf_0026
Part_0343,Manuf_0023
Part_0343,Manuf_0025
Part_0343,Manuf_0026
Part_0344,Manuf_0023
Part_0344,Manuf_0025
Part_0344,Manuf_0026
Part_0345,Manuf_0023
Part_0345,Manuf_0025
Part_0345,Manuf_0026
Part_0346,Manuf_0023
Part_0346,Manuf_0025
Part_0346,Manuf_0026
Part_0347,Manuf_0023
Part_0347,Manuf_0025
Part_0347,Manuf_0026
Part_0348,Manuf_0023
Part_0348,Manuf_0025
Part_0348,Manuf_0026
Part_0349,Manuf_0023
Part_0349,Manuf_0025
Part_0349,Manuf_0026
Part_0350,Manuf_0023
Part_0350,Manuf_0025
Part_0350,Manuf_0026
Part_0351,Manuf_0023
Part_0351,Manuf_0025
Part_0351,Manuf_0026
Part_0352,Manuf_0023
Part_0352,Manuf_0025
Part_0352,Manuf_0026
Part_0353,Manuf_0023
Part_0353,Manuf_0025
Part_0353,Manuf_0026
Part_0354,Manuf_0023
Part_0354,Manuf_0025
Part_0354,Manuf_0026
Part_0355,Manuf_0023
Part_0355,Manuf_0025
Part_0355,Manuf_0026
Part_0356,Manuf_0023
Part_0356,Manuf_0025
Part_0356,Manuf_0026
Part_0357,Manuf_0023
Part_0357,Manuf_0025
Part_0357,Manuf_0026
Part_0358,Manuf_0023
Part_0358,Manuf_0025
Part_0358,Manuf_0026
Part_0359,Manuf_0023
Part_0359,Manuf_0025
Part_0359,Manuf_0026
Part_0360,Manuf_0023
Part_0360,Manuf_0025
Part_0360,Manuf_0026
Part_0361,Manuf_0023
Part_0361,Manuf_0025
Part_0361,Manuf_0026
Part_0362,Manuf_0023
Part_0362,Manuf_0025
Part_0362,Manuf_0026
Part_0363,Manuf_0023
Part_0363,Manuf_0025
Part_0363,Manuf_0026
Part_0364,Manuf_0023
Part_0364,Manuf_0025
Part_0364,Manuf_0026
Part_0365,Manuf_0023
Part_0365,Manuf_0025
Part_0365,Manuf_0026
Part_0366,Manuf_0023
Part_0366,Manuf_0025
Part_0366,Manuf_0026
Part_0367,Manuf_0023
Part_0367,Manuf_0025
Part_0367,Manuf_0026
Part_0368,Manuf_0023
Part_0368,Manuf_0025
Part_0368,Manuf_0026
Part_0369,Manuf_0023
Part_0369,Manuf_0025
Part_0369,Manuf_0026
Part_0370,Manuf_0024
Part_0370,Manuf_0044
Part_0371,Manuf_0024
Part_0371,Manuf_0044
Part_0372,Manuf_0027
Part_0372,Manuf_0028
Part_0372,Manuf_0029
Part_0372,Manuf_0030
Part_0372,Manuf_0031
Part_0372,Manuf_0033
Part_0372,Manuf_0034
Part_0372,Manuf_0035
Part_0372,Manuf_0040
Part_0372,Manuf_0041
Part_0372,Manuf_0042
Part_0372,Manuf_0043
Part_0372,Manuf_0047
Part_0373,Manuf_0032
Part_0373,Manuf_0045
Part_0374,Manuf_0032
Part_0374,Manuf_0038
Part_0374,Manuf_0045
Part_0375,Manuf_0032
Part_0375,Manuf_0045
Part_0376,Manuf_0032
Part_0376,Manuf_0045
Part_0376,Manuf_0048
Part_0377,Manuf_0033
Part_0377,Manuf_0034
Part_0377,Manuf_0035
Part_0377,Manuf_0040
Part_0377,Manuf_0041
Part_0377,Manuf_0042
Part_0377,Manuf_0043
Part_0377,Manuf_0047
Part_0378,Manuf_0033
Part_0378,Manuf_0034
Part_0378,Manuf_0035
Part_0378,Manuf_0040
Part_0378,Manuf_0041
Part_0378,Manuf_0042
Part_0378,Manuf_0043
Part_0378,Manuf_0047
Part_0379,Manuf_0033
Part_0379,Manuf_0034
Part_0379,Manuf_0035
Part_0379,Manuf_0040
Part_0379,Manuf_0041
Part_0379,Manuf_0042
Part_0379,Manuf_0043
Part_0379,Manuf_0047
Part_0380,Manuf_0033
Part_0380,Manuf_0040
Part_0380,Manuf_0041
Part_0380,Manuf_0042
Part_0381,Manuf_0033
Part_0381,Manuf_0034
Part_0381,Manuf_0035
Part_0381,Manuf_0040
Part_0381,Manuf_0041
Part_0381,Manuf_0042
Part_0381,Manuf_0043
Part_0381,Manuf_0047
Part_0382,Manuf_0033
Part_0382,Manuf_0034
Part_0382,Manuf_0035
Part_0382,Manuf_0040
Part_0382,Manuf_0041
Part_0382,Manuf_0042
Part_0382,Manuf_0043
Part_0382,Manuf_0047
Part_0383,Manuf_0033
Part_0383,Manuf_0034
Part_0383,Manuf_0035
Part_0383,Manuf_0040
Part_0383,Manuf_0041
Part_0383,Manuf_0042
Part_0383,Manuf_0043
Part_0383,Manuf_0047
Part_0384,Manuf_0033
Part_0384,Manuf_0034
Part_0384,Manuf_0035
Part_0384,Manuf_0040
Part_0384,Manuf_0041
Part_0384,Manuf_0042
Part_0384,Manuf_0043
Part_0384,Manuf_0047
Part_0385,Manuf_0033
Part_0385,Manuf_0034
Part_0385,Manuf_0035
Part_0385,Manuf_0040
Part_0385,Manuf_0041
Part_0385,Manuf_0042
Part_0385,Manuf_0043
Part_0385,Manuf_0047
Part_0386,Manuf_0033
Part_0386,Manuf_0034
Part_0386,Manuf_0035
Part_0386,Manuf_0040
Part_0386,Manuf_0041
Part_0386,Manuf_0042
Part_0386,Manuf_0043
Part_0386,Manuf_0047
Part_0387,Manuf_0033
Part_0387,Manuf_0040
Part_0387,Manuf_0041
Part_0387,Manuf_0042
Part_0388,Manuf_0033
Part_0388,Manuf_0034
Part_0388,Manuf_0035
Part_0388,Manuf_0040
Part_0388,Manuf_0041
Part_0388,Manuf_0042
Part_0388,Manuf_0043
Part_0388,Manuf_0047
Part_0389,Manuf_0033
Part_0389,Manuf_0034
Part_0389,Manuf_0035
Part_0389,Manuf_0040
Part_0389,Manuf_0041
Part_0389,Manuf_0042
Part_0389,Manuf_0043
Part_0389,Manuf_0047
Part_0390,Manuf_0033
Part_0390,Manuf_0040
Part_0390,Manuf_0041
Part_0390,Manuf_0042
Part_0391,Manuf_0033
Part_0391,Manuf_0034
Part_0391,Manuf_0035
Part_0391,Manuf_0040
Part_0391,Manuf_0041
Part_0391,Manuf_0042
Part_0391,Manuf_0043
Part_0391,Manuf_0047
Part_0392,Manuf_0033
Part_0392,Manuf_0034
Part_0392,Manuf_0035
Part_0392,Manuf_0040
Part_0392,Manuf_0041
Part_0392,Manuf_0042
Part_0392,Manuf_0043
Part_0392,Manuf_0047
Part_0393,Manuf_0035
Part_0393,Manuf_0036
Part_0393,Manuf_0037
Part_0393,Manuf_0040
Part_0393,Manuf_0041
Part_0393,Manuf_0047
Part_0394,Manuf_0035
Part_0394,Manuf_0040
Part_0394,Manuf_0041
Part_0394,Manuf_0042
Part_0394,Manuf_0043
Part_0394,Manuf_0047
Part_0395,Manuf_0038
Part_0395,Manuf_0039
Part_0395,Manuf_0044
Part_0395,Manuf_0045
Part_0396,Manuf_0048
Part_0396,Retail_0002
Part_0397,Manuf_0048
Part_0397,Retail_0002
Part_0398,Retail_0003
Part_0398,Retail_0004
Part_0398,Retail_0005
Part_0398,Retail_0006
Part_0398,Retail_0007
Part_0398,Retail_0008
Part_0398,Retail_0009
Part_0398,Retail_0010
Part_0398,Retail_0011
Part_0398,Retail_0012
Part_0398,Retail_0013
Part_0398,Retail_0014
Part_0398,Retail_0015
Trans_0001,Manuf_0007
Trans_0002,Manuf_0007
Trans_0003,Manuf_0008
Trans_0004,Manuf_0008
